date,shares,amount,open,high,low,close,change,turnover,stockno,month
2019-01-02,32900482,7276419230,226.5,226.5,219.0,219.5,-6.0,12329,2330,1
2019-01-03,34615620,7459051790,214.0,218.0,214.0,215.5,-4.0,14549,2330,1
2019-01-04,67043521,13987136785,211.5,211.5,206.5,208.0,-7.5,28786,2330,1
2019-01-07,35695176,7591116569,212.0,214.0,211.0,213.0,5.0,11224,2330,1
2019-01-08,23794481,5019703557,212.0,212.5,210.0,211.0,-2.0,9377,2330,1
2019-01-09,51255446,11006827093,212.0,216.5,211.0,215.5,4.5,14098,2330,1
2019-01-10,20832593,4491377349,216.0,216.5,214.5,216.0,0.5,6018,2330,1
2019-01-11,28658288,6296719320,219.0,220.5,218.0,220.5,4.5,11198,2330,1
2019-01-14,17612296,3844735324,218.5,220.0,217.0,218.5,-2.0,6469,2330,1
2019-01-15,42990923,9399209983,216.5,221.0,215.5,221.0,2.5,11609,2330,1
2019-01-16,30038282,6563789758,218.5,220.0,217.5,217.5,-3.5,8950,2330,1
2019-01-17,21163986,4646131841,218.0,221.0,218.0,220.5,3.0,8288,2330,1
2019-01-18,52677569,11530053787,219.0,220.0,217.5,218.5,-2.0,15157,2330,1
2019-01-21,32515866,7208829658,220.0,223.0,220.0,221.0,2.5,10549,2330,1
2019-01-22,30958483,6854867566,220.0,223.0,219.0,223.0,2.0,8258,2330,1
2019-01-23,18671213,4121110926,221.5,222.0,220.0,220.5,-2.5,7059,2330,1
2019-01-24,31348924,6958753608,222.5,222.5,220.5,222.5,2.0,6291,2330,1
2019-01-25,48039764,10870045150,226.5,227.0,225.0,226.0,3.5,14979,2330,1
2019-01-28,29134257,6665379096,229.5,229.5,228.0,229.0,3.0,10189,2330,1
2019-01-29,42566520,9486156460,222.5,225.0,222.0,222.5,-6.5,13344,2330,1
2019-01-30,51889945,11453957730,220.5,221.5,220.0,221.0,-1.5,12858,2330,1
2019-02-11,81360106,18546167132,228.0,229.0,226.5,228.0,7.0,21689,2330,2
2019-02-12,30125670,6921488930,230.0,230.0,229.0,230.0,2.0,13313,2330,2
2019-02-13,28634925,6575201825,232.0,232.0,228.5,229.0,-1.0,10230,2330,2
2019-02-14,23647751,5392943977,229.5,230.0,226.0,227.0,-2.0,6873,2330,2
2019-02-15,22369799,5093773373,229.0,229.0,226.5,227.0,0.0,5743,2330,2
2019-02-18,18163916,4169729625,229.0,230.5,228.5,230.0,3.0,7035,2330,2
2019-02-19,18423023,4228108427,230.0,230.5,229.0,229.0,-1.0,6471,2330,2
2019-02-20,31887710,7430197670,231.5,234.5,231.0,234.5,5.5,14241,2330,2
2019-02-21,34013489,8013908284,235.5,236.5,234.5,236.5,2.0,11443,2330,2
2019-02-22,22032163,5187054985,235.5,236.5,234.0,236.5,0.0,6913,2330,2
2019-02-25,25227138,5995746054,237.5,239.0,236.0,238.0,1.5,8527,2330,2
2019-02-26,24586789,5864298571,239.0,240.0,236.5,239.5,1.5,7994,2330,2
2019-02-27,37947889,9052540803,238.5,239.5,237.0,239.0,-0.5,9931,2330,2
2019-03-04,45164513,10691130829,239.5,239.5,234.5,235.5,-3.5,13323,2330,3
2019-03-05,23708407,5533050748,234.0,234.5,232.5,233.0,-2.5,8706,2330,3
2019-03-06,20811226,4872352124,235.0,235.5,233.5,234.0,1.0,7090,2330,3
2019-03-07,17226192,4029782428,235.0,235.0,233.0,234.0,0.0,5768,2330,3
2019-03-08,22535659,5183171608,231.0,231.5,229.0,230.0,-4.0,8931,2330,3
2019-03-11,34282793,7835079913,228.0,230.5,227.5,230.5,0.5,7451,2330,3
2019-03-12,23839972,5601351324,233.0,237.0,232.5,235.5,5.0,9253,2330,3
2019-03-13,22493195,5308051755,234.0,237.0,234.0,237.0,1.5,6269,2330,3
2019-03-14,17281356,4077045380,239.0,239.0,234.0,234.5,-2.5,6564,2330,3
2019-03-15,34542729,8231572752,237.0,239.5,235.5,239.0,4.5,8872,2330,3
2019-03-18,27040532,6493129050,239.5,241.0,239.0,241.0,2.0,10690,2330,3
2019-03-19,14620009,3496720720,239.0,240.5,238.0,240.5,-0.5,7105,2330,3
2019-03-20,23055971,5563557011,242.0,242.0,239.5,242.0,1.5,6757,2330,3
2019-03-21,27514502,6710510004,242.5,245.5,241.0,245.5,3.5,11071,2330,3
2019-03-22,22996467,5680726299,248.0,248.5,244.5,248.5,3.0,10485,2330,3
2019-03-25,19273254,4662705968,240.5,243.5,240.5,241.5,-7.0,8468,2330,3
2019-03-26,21053170,5109273236,243.0,244.0,241.0,244.0,2.5,6630,2330,3
2019-03-27,23622089,5703467700,242.0,242.5,240.5,241.5,-2.5,7603,2330,3
2019-03-28,13998054,3379510718,240.5,242.5,240.0,242.0,0.5,3948,2330,3
2019-03-29,31024810,7568601014,243.0,245.5,240.5,245.5,3.5,6712,2330,3
2019-04-01,35330656,8758161220,251.0,251.0,245.0,245.5,0.0,13292,2330,4
2019-04-02,25189053,6226523038,249.5,249.5,246.0,246.0,0.5,9171,2330,4
2019-04-03,28581323,7075597562,249.0,249.0,246.5,246.5,0.5,8067,2330,4
2019-04-08,46426821,11682512762,251.0,253.0,250.5,253.0,6.5,16430,2330,4
2019-04-09,22745674,5760337782,253.0,254.0,252.0,254.0,1.0,8323,2330,4
2019-04-10,33174934,8403528302,253.0,254.5,252.0,254.0,0.0,9992,2330,4
2019-04-11,25146840,6347861680,253.0,254.0,251.5,252.0,-2.0,8284,2330,4
2019-04-12,13888148,3496444666,251.5,253.0,251.0,252.0,0.0,4931,2330,4
2019-04-15,17257002,4403988510,255.0,256.0,254.0,255.5,3.5,6739,2330,4
2019-04-16,20231648,5185697928,257.0,257.0,255.5,257.0,1.5,7676,2330,4
2019-04-17,39037191,10202504410,260.0,263.0,259.5,261.5,4.5,13486,2330,4
2019-04-18,48525490,12836006732,264.0,266.0,263.5,264.5,3.0,12208,2330,4
2019-04-19,47698699,12712409558,269.0,269.5,263.5,264.5,0.0,14431,2330,4
2019-04-22,24967393,6635995145,266.5,267.5,265.0,266.0,1.5,8527,2330,4
2019-04-23,26251847,7017363629,266.5,268.0,266.0,268.0,2.0,9394,2330,4
2019-04-24,37386755,10044241090,270.0,270.0,267.5,269.0,1.0,9687,2330,4
2019-04-25,36572455,9800038536,268.5,269.0,267.0,267.5,-1.5,7331,2330,4
2019-04-26,51743804,13459329059,262.0,263.0,257.5,260.0,-7.5,16674,2330,4
2019-04-29,32651618,8477117257,260.0,262.0,258.5,259.5,-0.5,10407,2330,4
2019-04-30,40446419,10484399861,260.0,260.5,258.0,259.0,-0.5,10939,2330,4
2019-05-02,27376394,7122135656,261.5,262.5,258.5,259.0,0.0,9110,2330,5
2019-05-03,30200246,7940572444,262.0,265.0,260.5,265.0,6.0,10068,2330,5
2019-05-06,33688187,8717053470,260.0,260.0,258.0,259.0,-6.0,12535,2330,5
2019-05-07,25686126,6719199455,259.5,263.0,259.0,262.5,3.5,8339,2330,5
2019-05-08,25902364,6750083504,260.0,261.5,259.5,260.0,-2.5,7905,2330,5
2019-05-09,34166574,8798140796,259.5,259.5,256.0,256.5,-3.5,10995,2330,5
2019-05-10,18868212,4844594484,257.0,259.0,255.0,256.0,-0.5,8009,2330,5
2019-05-13,29317535,7374249589,253.0,254.0,249.5,250.5,-5.5,11974,2330,5
2019-05-14,45620708,11345067455,247.5,251.0,245.0,248.5,-2.0,14283,2330,5
2019-05-15,37223479,9327051888,251.0,252.0,249.0,249.0,0.5,12041,2330,5
2019-05-16,30331519,7520908612,248.5,249.5,246.0,247.0,-2.0,11402,2330,5
2019-05-17,40006856,9775372898,249.0,249.0,241.5,241.5,-5.5,15217,2330,5
2019-05-20,47097661,11303513908,242.5,243.0,238.0,238.0,-3.5,13099,2330,5
2019-05-21,82872775,19418705158,233.5,236.0,232.5,234.0,-4.0,25418,2330,5
2019-05-22,36289034,8669172710,236.5,240.5,235.5,238.0,4.0,14019,2330,5
2019-05-23,62258627,14379543985,233.5,233.5,230.0,230.0,-8.0,24974,2330,5
2019-05-24,38226789,8866253632,230.0,234.0,230.0,233.0,3.0,14586,2330,5
2019-05-27,37447033,8697538216,234.0,235.0,231.0,231.0,-2.0,13895,2330,5
2019-05-28,99322033,22910765567,232.0,232.0,230.5,230.5,-0.5,10122,2330,5
2019-05-29,32260236,7385029780,228.0,230.5,227.0,229.5,-1.0,10233,2330,5
2019-05-30,40375328,9292745636,230.0,231.5,229.0,231.0,1.5,8772,2330,5
2019-05-31,49163217,11559578381,232.0,237.5,231.0,235.5,4.5,14365,2330,5
2019-06-03,36687092,8651389851,235.5,238.5,232.0,238.0,2.5,8857,2330,6
2019-06-04,24443428,5745045809,237.5,238.0,233.0,233.0,-5.0,11779,2330,6
2019-06-05,35901584,8461930934,238.0,238.0,234.0,235.0,2.0,12064,2330,6
2019-06-06,34651731,8008768323,231.5,232.0,229.5,232.0,-3.0,14723,2330,6
2019-06-10,35521888,8442986620,237.5,240.0,234.5,240.0,8.0,15588,2330,6
2019-06-11,34691670,8448805962,240.0,246.0,239.0,244.5,4.5,13157,2330,6
2019-06-12,30409556,7469805086,244.5,247.5,243.0,246.0,1.5,11457,2330,6
2019-06-13,33731724,8136137708,242.5,244.0,240.0,240.0,-6.0,13552,2330,6
2019-06-14,35403556,8396819832,238.5,239.5,236.0,236.0,-4.0,14911,2330,6
2019-06-17,51692012,12043369475,231.5,235.0,230.5,233.0,-3.0,20943,2330,6
2019-06-18,28798087,6758454612,234.0,235.5,233.0,235.5,2.5,9681,2330,6
2019-06-19,50234372,12181979568,242.5,244.0,240.5,244.0,8.5,20528,2330,6
2019-06-20,39717291,9697726719,242.0,245.5,241.0,245.0,1.0,13879,2330,6
2019-06-21,62136304,15398139830,248.0,248.5,246.0,248.5,3.5,19049,2330,6
2019-06-24,43460507,10476936660,241.0,242.0,240.0,241.0,0.0,17780,2330,6
2019-06-25,29735283,7118002390,241.0,241.5,237.0,238.5,-2.5,11130,2330,6
2019-06-26,28770041,6757991717,235.0,236.5,234.0,234.5,-4.0,13535,2330,6
2019-06-27,42007834,10063332494,236.0,241.5,236.0,240.5,6.0,14983,2330,6
2019-06-28,28085212,6715488371,241.5,241.5,238.0,239.0,-1.5,8987,2330,6
2019-07-01,66370875,16445222750,245.5,250.0,245.0,248.5,9.5,29551,2330,7
2019-07-02,26832202,6671951743,249.5,250.0,247.5,249.0,0.5,12531,2330,7
2019-07-03,29549774,7190777082,244.0,245.0,242.0,242.5,-6.5,16033,2330,7
2019-07-04,18691240,4561556160,244.5,245.0,242.5,244.0,1.5,8565,2330,7
2019-07-05,27317074,6624379927,244.5,245.0,241.5,243.0,-1.0,9013,2330,7
2019-07-08,29190909,7057462187,240.0,244.5,240.0,242.5,-0.5,10552,2330,7
2019-07-09,16538987,3998096596,241.5,243.0,240.5,242.0,-0.5,6486,2330,7
2019-07-10,23812131,5839691357,243.0,247.0,243.0,247.0,5.0,12366,2330,7
2019-07-11,31296289,7809358257,250.0,250.0,247.5,250.0,3.0,14360,2330,7
2019-07-12,23868432,5984689000,252.0,252.0,249.5,250.5,0.5,8363,2330,7
2019-07-15,34264300,8663129910,251.0,254.5,249.5,254.5,4.0,12174,2330,7
2019-07-16,26141249,6678755679,254.0,256.5,253.5,256.0,1.5,8994,2330,7
2019-07-17,34346648,8686815824,254.0,254.0,251.0,252.0,-4.0,11106,2330,7
2019-07-18,20908575,5300082470,252.0,254.5,251.5,254.0,2.0,8245,2330,7
2019-07-19,59879798,15573278932,259.5,261.0,259.0,259.0,5.0,21827,2330,7
2019-07-22,31863639,8385222407,263.0,264.0,262.0,264.0,5.0,13424,2330,7
2019-07-23,29273223,7734089131,265.5,266.5,262.5,264.0,0.0,12791,2330,7
2019-07-24,24511039,6484708226,266.5,266.5,263.0,265.0,1.0,10617,2330,7
2019-07-25,30698545,8091922380,264.0,265.0,261.5,265.0,0.0,10643,2330,7
2019-07-26,20768071,5434082968,261.0,262.5,261.0,261.0,-4.0,8850,2330,7
2019-07-29,18473320,4822762518,260.0,262.0,259.5,261.0,0.0,6681,2330,7
2019-07-30,22895612,5975389270,262.5,263.0,260.0,260.0,-1.0,7191,2330,7
2019-07-31,36365601,9413416604,260.0,260.0,257.0,259.5,-0.5,10468,2330,7
2019-08-01,30107526,7722031382,257.5,257.5,255.5,256.5,-3.0,11372,2330,8
2019-08-02,54165644,13627068452,252.0,253.5,250.5,251.5,-5.0,18096,2330,8
2019-08-05,52835721,13092403583,251.0,252.0,245.5,246.5,-5.0,20136,2330,8
2019-08-06,58916879,14440787992,240.0,250.0,240.0,248.5,2.0,22358,2330,8
2019-08-07,29435460,7305272500,250.0,250.5,246.5,248.0,-0.5,11208,2330,8
2019-08-08,30140266,7599200564,248.0,254.0,248.0,253.5,5.5,11228,2330,8
2019-08-12,24732603,6242935989,254.5,254.5,251.0,251.0,-2.5,8415,2330,8
2019-08-13,25045107,6204239476,249.0,249.5,246.5,246.5,-4.5,11377,2330,8
2019-08-14,36336703,9142333535,252.5,254.0,249.5,249.5,3.0,13609,2330,8
2019-08-15,28277412,6994442633,247.0,248.5,246.0,248.0,-1.5,10852,2330,8
2019-08-16,25696715,6420744887,249.5,252.0,248.0,250.0,2.0,8994,2330,8
2019-08-19,25098514,6326683127,251.5,253.0,250.5,252.0,2.0,9398,2330,8
2019-08-20,20620494,5233263533,254.0,254.5,252.5,254.5,2.5,8214,2330,8
2019-08-21,20269296,5152545480,254.5,255.0,253.0,254.5,0.0,7383,2330,8
2019-08-22,22136840,5659296700,257.0,257.5,254.0,254.0,-0.5,8794,2330,8
2019-08-23,14772877,3748071178,253.5,254.5,253.0,254.0,0.0,5663,2330,8
2019-08-26,31740620,7910873500,249.0,250.5,248.5,248.5,-5.5,13388,2330,8
2019-08-27,53664951,13410582151,250.5,251.0,248.5,250.0,1.5,8939,2330,8
2019-08-28,15280882,3852096070,250.5,253.0,250.5,252.0,2.0,6829,2330,8
2019-08-29,20085767,5078703588,253.0,254.0,251.0,254.0,2.0,6596,2330,8
2019-08-30,35299201,9092482858,256.5,259.0,256.0,259.0,5.0,13703,2330,8
2019-09-02,14776854,3800453292,258.0,258.0,256.0,257.5,-1.5,7608,2330,9
2019-09-03,26086495,6642868555,256.5,258.0,253.0,254.0,-3.5,11210,2330,9
2019-09-04,23697733,6081456520,254.0,258.0,254.0,257.5,3.5,9291,2330,9
2019-09-05,49041728,12869665251,263.0,263.0,260.5,263.0,5.5,22796,2330,9
2019-09-06,26609515,7016868801,265.0,265.0,263.0,263.5,0.5,11957,2330,9
2019-09-09,17317833,4585545966,265.5,266.0,263.5,265.0,1.5,8762,2330,9
2019-09-10,30019866,7862297242,263.5,264.0,260.5,261.5,-3.5,11831,2330,9
2019-09-11,36266015,9508884445,264.0,264.5,260.5,263.0,1.5,12058,2330,9
2019-09-12,38792293,10198483555,265.0,265.0,261.5,262.5,-0.5,8282,2330,9
2019-09-16,38913966,10258240252,262.0,265.5,261.5,265.5,3.0,11120,2330,9
2019-09-17,30069844,7979032930,266.5,266.5,264.5,265.0,-0.5,9222,2330,9
2019-09-18,51360759,13754334364,267.0,269.5,266.5,267.0,2.0,17993,2330,9
2019-09-19,27165567,7216457755,268.0,268.0,264.0,265.0,0.0,10194,2330,9
2019-09-20,44555865,11785924559,266.0,266.5,264.0,264.0,-1.0,9109,2330,9
2019-09-23,14220208,3749146092,264.0,264.0,263.0,264.0,0.0,5647,2330,9
2019-09-24,24304943,6419420695,263.5,265.5,262.0,265.0,1.0,9180,2330,9
2019-09-25,23244163,6144037875,262.5,266.0,262.0,266.0,1.0,7145,2330,9
2019-09-26,34128103,9139219995,269.0,269.5,266.5,268.0,2.0,11861,2330,9
2019-09-27,44242817,12021629536,271.5,272.5,271.0,272.0,4.0,16626,2330,9
2019-10-01,75248890,20886838992,273.0,280.5,273.0,280.0,8.0,26648,2330,10
2019-10-02,30572953,8553297334,280.0,281.0,279.0,279.5,-0.5,12294,2330,10
2019-10-03,35874864,9891620358,274.0,277.5,274.0,276.5,-3.0,12853,2330,10
2019-10-04,35814613,9924872301,279.5,280.0,275.0,276.5,0.0,13780,2330,10
2019-10-07,17750230,4944376000,279.0,279.5,277.5,278.0,1.5,7757,2330,10
2019-10-08,39868551,11341522526,283.5,286.5,282.5,286.5,8.5,16721,2330,10
2019-10-09,34895456,9890256397,283.5,286.0,282.0,282.0,-4.5,14567,2330,10
2019-10-14,53403517,15508059122,291.5,291.5,288.5,290.0,8.0,17812,2330,10
2019-10-15,54754830,16088110873,293.5,296.0,292.0,293.5,3.5,15485,2330,10
2019-10-16,42917144,12670374493,298.0,298.0,293.5,296.5,3.0,16650,2330,10
2019-10-17,41920938,12296120182,295.0,295.5,292.0,293.5,-3.0,15170,2330,10
2019-10-18,45460984,13299843176,293.0,295.5,291.0,293.0,-0.5,18000,2330,10
2019-10-21,35860365,10389254035,291.0,291.0,288.5,290.0,-3.0,14682,2330,10
2019-10-22,26525020,7767636380,292.5,294.0,291.5,294.0,4.0,10186,2330,10
2019-10-23,30382408,8877572772,293.5,293.5,290.5,293.0,-1.0,11753,2330,10
2019-10-24,29040827,8488069650,294.5,294.5,291.0,293.0,0.0,10649,2330,10
2019-10-25,25082711,7362074526,294.5,294.5,292.5,293.5,0.5,11064,2330,10
2019-10-28,20216561,5958714595,295.0,295.5,294.0,294.5,1.0,9257,2330,10
2019-10-29,37130131,11044649541,297.0,298.5,296.5,298.5,4.0,14060,2330,10
2019-10-30,32370342,9646551600,298.5,299.5,296.5,299.5,1.0,11084,2330,10
2019-10-31,43123514,12921309531,300.0,301.5,298.5,298.5,-1.0,12997,2330,10
2019-11-01,30216678,8998151212,299.5,299.5,296.5,299.0,0.5,10241,2330,11
2019-11-04,45155671,13767873778,302.5,308.0,301.0,307.0,8.0,18475,2330,11
2019-11-05,32253184,9965563625,307.5,310.5,307.0,310.5,3.5,13698,2330,11
2019-11-06,22149743,6864516290,309.0,311.5,308.0,311.0,0.5,9660,2330,11
2019-11-07,28453659,8769417841,310.0,310.0,306.5,309.0,-2.0,12277,2330,11
2019-11-08,26230542,8040782450,308.5,309.0,305.5,305.5,-3.5,12740,2330,11
2019-11-11,35285583,10660082266,305.0,305.0,300.0,301.0,-4.5,15246,2330,11
2019-11-12,19016708,5774255431,302.5,305.0,302.0,305.0,4.0,8957,2330,11
2019-11-13,18422438,5583245970,303.0,304.0,301.5,304.0,-1.0,6039,2330,11
2019-11-14,15734835,4776767840,304.5,305.0,302.0,303.5,-0.5,6219,2330,11
2019-11-15,29038445,8891701115,305.5,307.5,304.5,307.0,3.5,8672,2330,11
2019-11-18,18741325,5796331075,308.5,311.0,307.0,311.0,4.0,8420,2330,11
2019-11-19,33096197,10365611120,312.5,315.0,311.0,315.0,4.0,11121,2330,11
2019-11-20,24538973,7681229345,314.0,314.0,312.0,313.5,-1.5,9143,2330,11
2019-11-21,30163833,9329845096,309.5,311.0,307.0,311.0,-2.5,11638,2330,11
2019-11-22,26492984,8188665024,310.0,310.5,308.0,309.0,-2.0,9407,2330,11
2019-11-25,19855177,6133713443,310.5,310.5,307.0,307.0,-2.0,8067,2330,11
2019-11-26,101916622,31332308518,310.0,310.5,307.0,307.0,0.0,10321,2330,11
2019-11-27,18527648,5732316828,307.5,311.5,307.5,311.0,4.0,7916,2330,11
2019-11-28,19718982,6111322584,310.0,312.0,308.5,309.5,-1.5,9289,2330,11
2019-11-29,32423561,9922872967,309.0,309.5,305.0,305.0,-4.5,15368,2330,11
2019-12-02,25516807,7844458306,307.0,308.0,306.5,307.5,2.5,8465,2330,12
2019-12-03,27686319,8472595177,305.0,307.0,305.0,307.0,-0.5,9206,2330,12
2019-12-04,34911686,10652239802,305.0,306.0,304.0,306.0,-1.0,9989,2330,12
2019-12-05,39349842,12240671524,309.0,312.0,309.0,312.0,6.0,13587,2330,12
2019-12-06,18402703,5771010050,315.0,316.0,311.0,313.0,1.0,8974,2330,12
2019-12-09,23556081,7433484496,314.0,316.5,314.0,316.0,3.0,10583,2330,12
2019-12-10,20847594,6540475540,315.0,315.5,312.5,313.5,-2.5,8702,2330,12
2019-12-11,34329148,10866410212,314.0,319.0,313.0,319.0,5.5,11689,2330,12
2019-12-12,52801851,17446169339,325.0,334.5,324.0,331.5,12.5,22555,2330,12
2019-12-13,60843939,20697194061,340.0,343.0,338.0,339.0,7.5,23025,2330,12
2019-12-16,48340188,16272523200,336.5,338.5,336.0,336.0,-3.0,16938,2330,12
2019-12-17,41428458,14153896438,335.0,345.0,335.0,345.0,9.0,16808,2330,12
2019-12-18,42486841,14594689501,341.5,345.0,341.5,344.5,-0.5,15836,2330,12
2019-12-19,55667012,18774880620,340.0,342.0,335.0,335.0,0.0,28105,2330,12
2019-12-20,86280459,28483237354,332.0,333.0,328.5,329.0,-6.0,28112,2330,12
2019-12-23,26911340,8923609754,329.5,334.0,329.5,334.0,5.0,12310,2330,12
2019-12-24,13783907,4591661991,334.0,334.5,332.0,332.0,-2.0,7887,2330,12
2019-12-25,12262954,4075131136,332.0,334.5,331.0,333.0,1.0,7597,2330,12
2019-12-26,11427884,3803665702,333.0,334.0,331.5,333.0,0.0,6439,2330,12
2019-12-27,16677806,5624251712,335.0,338.0,335.0,338.0,5.0,8660,2330,12
2019-12-30,21591263,7270827164,338.0,339.0,334.0,334.5,-3.5,10468,2330,12
2019-12-31,22950517,7614538961,331.0,333.5,331.0,331.0,-3.5,12253,2330,12
2020-01-02,33282120,11224165450,332.5,339.0,332.5,339.0,8.0,17160,2330,1
2020-01-03,42023268,14295651580,344.0,345.0,335.5,339.5,0.5,20545,2330,1
2020-01-06,45677057,15210531318,333.0,334.5,332.0,332.0,-7.5,22944,2330,1
2020-01-07,51746181,17053282011,332.5,333.0,326.5,329.5,-2.5,22362,2330,1
2020-01-08,37913748,12484410088,325.0,333.0,325.0,329.5,0.0,18228,2330,1
2020-01-09,32397504,10890847940,335.0,337.5,333.5,337.5,8.0,16793,2330,1
2020-01-10,27880115,9432320316,340.5,341.0,336.0,339.5,2.0,13296,2330,1
2020-01-13,30663332,10455852739,342.0,342.0,339.0,341.5,2.0,13457,2330,1
2020-01-14,30368993,10488360978,345.5,346.0,344.5,346.0,4.5,16339,2330,1
2020-01-15,54575274,18590754206,345.0,345.0,337.5,340.0,-6.0,20392,2330,1
2020-01-16,58217420,19431133895,330.0,336.5,330.0,334.5,-5.5,24721,2330,1
2020-01-17,53908097,17977119406,334.0,335.5,332.0,333.0,-1.5,23954,2330,1
2020-01-20,35551203,11865436839,334.0,335.5,333.0,333.0,0.0,15095,2330,1
2020-01-30,126820049,40734449874,326.0,326.0,316.5,316.5,-16.5,55603,2330,1
2020-01-31,62912055,20205365710,323.0,323.5,319.0,320.0,3.5,22639,2330,1
2020-02-03,59711849,18782694826,315.0,316.5,312.0,315.0,-5.0,26483,2330,2
2020-02-04,52208496,16882411296,319.0,326.0,318.0,325.0,10.0,22587,2330,2
2020-02-05,36601453,11985817083,329.0,329.5,324.5,327.5,2.5,16656,2330,2
2020-02-06,29659094,9803038836,329.5,332.5,329.0,332.5,5.0,14246,2330,2
2020-02-07,30055327,9869903253,330.0,330.5,326.0,328.0,-4.5,13075,2330,2
2020-02-10,30814424,10024967927,321.5,328.0,321.0,327.5,-0.5,14825,2330,2
2020-02-11,29062935,9629938182,330.5,332.5,330.0,331.5,4.0,12766,2330,2
2020-02-12,37612639,12593082711,333.5,336.0,333.0,335.0,3.5,17394,2330,2
2020-02-13,23217021,7805299096,338.0,338.0,335.0,335.0,0.0,12563,2330,2
2020-02-14,18326683,6155862838,337.0,337.0,334.5,335.0,0.0,7881,2330,2
2020-02-17,16145079,5354339726,331.5,333.0,330.5,331.5,-3.5,9747,2330,2
2020-02-18,64662604,20957801150,324.5,326.5,322.0,322.0,-9.5,36520,2330,2
2020-02-19,48856218,15881609046,322.5,327.0,322.0,326.5,4.5,16003,2330,2
2020-02-20,27061736,8832642641,328.0,329.0,325.0,325.5,-1.0,11695,2330,2
2020-02-21,22974534,7463007621,325.5,326.5,323.0,325.0,-0.5,9342,2330,2
2020-02-24,42946680,13754512932,319.5,321.5,319.5,320.0,-5.0,18902,2330,2
2020-02-25,38674011,12425785349,320.0,323.5,317.5,322.0,2.0,17366,2330,2
2020-02-26,60768362,19341695595,317.0,320.5,316.5,318.5,-3.5,24310,2330,2
2020-02-27,62401927,19756146876,319.0,320.0,315.0,316.0,-2.5,20633,2330,2
2020-03-02,86372942,26864484400,308.0,317.0,308.0,311.0,-5.0,35320,2330,3
2020-03-03,55169411,17534766696,318.5,320.0,316.0,317.5,6.5,20713,2330,3
2020-03-04,44745146,14304795666,322.0,322.0,317.0,320.5,3.0,16118,2330,3
2020-03-05,38223525,12392618100,325.0,326.0,323.0,323.0,2.5,15107,2330,3
2020-03-06,52807760,16733485610,320.0,320.5,315.0,315.0,-8.0,24175,2330,3
2020-03-09,88633277,27236002054,307.5,310.0,305.5,305.5,-9.5,44882,2330,3
2020-03-10,74869130,22727941511,301.5,309.0,301.0,307.0,1.5,30268,2330,3
2020-03-11,64923710,19913151529,309.0,310.5,302.0,302.0,-5.0,27176,2330,3
2020-03-12,114173351,33544278206,299.0,299.0,287.0,294.0,-8.0,56989,2330,3
2020-03-13,151268148,42448997546,275.0,294.0,272.5,290.0,-4.0,71990,2330,3
2020-03-16,103933228,29343288916,285.0,291.0,275.5,276.5,-13.5,51292,2330,3
2020-03-17,122409651,32936712540,265.0,276.5,265.0,268.0,-8.5,57123,2330,3
2020-03-18,118620643,31555231792,269.5,272.5,260.0,260.0,-8.0,53985,2330,3
2020-03-19,160811697,39559889553,252.0,253.0,235.5,248.0,0.0,77302,2330,3
2020-03-20,159179726,42110816042,258.5,270.0,256.0,270.0,22.0,69829,2330,3
2020-03-23,76963709,19851467203,257.0,262.5,252.0,255.0,-15.0,41621,2330,3
2020-03-24,82377933,22207033614,268.0,274.0,266.0,267.5,12.5,41077,2330,3
2020-03-25,80514199,22368633590,276.5,280.0,274.0,277.0,9.5,40932,2330,3
2020-03-26,54189633,15108299935,279.5,280.0,275.5,280.0,3.0,27648,2330,3
2020-03-27,69320306,19324060590,284.0,286.0,273.0,273.0,-7.0,36025,2330,3
2020-03-30,53403956,14205364184,263.5,269.0,262.5,267.5,-5.5,27779,2330,3
2020-03-31,53901923,14712557472,273.0,274.0,269.5,274.0,6.5,20343,2330,3
2020-04-01,47572034,13022612818,276.5,276.5,271.5,271.5,-2.5,19580,2330,4
2020-04-06,59712754,16324198154,273.0,275.5,270.0,275.5,4.0,19971,2330,4
2020-04-07,48887346,13817936851,283.5,284.0,280.5,283.0,7.5,24281,2330,4
2020-04-08,38698826,11016972354,285.0,285.5,283.0,285.0,2.0,19126,2330,4
2020-04-09,29276430,8346209654,287.5,288.0,282.5,283.0,-2.0,15271,2330,4
2020-04-10,28206858,7894277586,280.0,282.0,279.0,279.5,-3.5,15833,2330,4
2020-04-13,22196596,6202532380,278.5,281.5,278.5,278.5,-1.0,12809,2330,4
2020-04-14,50196688,14268689661,281.0,285.5,280.0,285.0,6.5,22214,2330,4
2020-04-15,58561434,16819851630,287.0,288.5,286.0,287.5,2.5,25696,2330,4
2020-04-16,48257280,13813721932,283.0,288.5,283.0,286.5,-1.0,19084,2330,4
2020-04-17,117447201,35719172728,303.5,308.5,300.5,306.5,20.0,60873,2330,4
2020-04-20,44586860,13605802989,308.0,309.0,302.5,304.0,-2.5,21791,2330,4
2020-04-21,61949357,18417786171,300.5,301.5,293.5,295.0,-9.0,39043,2330,4
2020-04-22,43568580,12746170556,294.5,295.0,290.5,294.0,-1.0,25176,2330,4
2020-04-23,39977278,11864085990,300.0,300.0,294.0,295.5,1.5,18541,2330,4
2020-04-24,26465090,7799075756,295.5,297.0,294.0,294.0,-1.5,13661,2330,4
2020-04-27,38493406,11461378300,298.0,298.5,296.0,298.0,4.0,15916,2330,4
2020-04-28,37621165,11134919970,298.5,298.5,294.5,296.5,-1.5,18214,2330,4
2020-04-29,46253301,13861245296,299.0,301.5,298.0,299.0,2.5,21633,2330,4
2020-04-30,58439085,17753466901,302.0,305.0,301.5,304.5,5.5,26219,2330,4
2020-05-04,72252861,21341931218,294.5,296.5,294.0,295.0,-9.5,37736,2330,5
2020-05-05,23988405,7104774785,296.5,298.0,295.0,295.5,0.5,13569,2330,5
2020-05-06,35704479,10524838077,294.5,296.0,292.5,296.0,0.5,16046,2330,5
2020-05-07,28017198,8321170642,294.5,299.0,294.5,297.5,1.5,13149,2330,5
2020-05-08,35613893,10619091212,300.0,300.0,296.0,297.5,0.0,14345,2330,5
2020-05-11,32379019,9729431840,300.0,301.5,298.5,301.0,3.5,14920,2330,5
2020-05-12,52494788,15553012596,297.5,298.5,295.0,295.0,-6.0,29073,2330,5
2020-05-13,46158418,13619538824,293.0,297.0,292.5,297.0,2.0,14555,2330,5
2020-05-14,34480948,10119787160,293.0,295.0,292.5,293.0,-4.0,21482,2330,5
2020-05-15,44304804,13170466660,297.5,298.5,294.5,298.0,5.0,20071,2330,5
2020-05-18,96872065,28216346996,291.0,293.5,290.0,290.0,-8.0,49640,2330,5
2020-05-19,53083214,15527338138,294.0,294.0,291.5,291.5,1.5,22033,2330,5
2020-05-20,36789994,10772280152,293.0,294.0,291.0,294.0,2.5,16906,2330,5
2020-05-21,36299468,10782482962,296.0,298.0,295.0,297.5,3.5,17064,2330,5
2020-05-22,41138923,12025339565,294.5,295.0,291.0,292.0,-5.5,22345,2330,5
2020-05-25,32942223,9568008388,290.5,293.0,288.5,292.0,0.0,14585,2330,5
2020-05-26,35817481,10609868646,295.0,297.5,293.5,295.5,3.5,19524,2330,5
2020-05-27,23375959,6932934823,297.0,298.0,295.5,296.5,1.0,11244,2330,5
2020-05-28,32395568,9575118830,298.5,298.5,293.0,294.0,-2.5,13208,2330,5
2020-05-29,96611181,28172174547,292.0,292.5,290.0,292.0,-2.0,21037,2330,5
2020-06-01,37936214,11205227094,294.0,296.5,293.5,295.5,3.5,15502,2330,6
2020-06-02,26663587,7908476089,296.0,297.5,296.0,296.5,1.0,9743,2330,6
2020-06-03,67894337,20354971677,300.0,301.0,298.0,301.0,4.5,33062,2330,6
2020-06-04,47225322,14414983532,305.0,306.0,304.0,306.0,5.0,24482,2330,6
2020-06-05,44077262,13655618646,308.5,312.0,308.0,311.5,5.5,24096,2330,6
2020-06-08,52042921,16500836851,316.0,319.0,315.0,318.0,6.5,28581,2330,6
2020-06-09,37068082,11746874522,316.5,319.0,314.0,319.0,1.0,19981,2330,6
2020-06-10,42207259,13566733306,319.0,324.0,318.0,322.5,3.5,22670,2330,6
2020-06-11,50612255,16340456218,325.5,327.0,318.5,320.5,-2.0,27061,2330,6
2020-06-12,46970918,14811252573,313.0,317.5,312.5,316.0,-4.5,25263,2330,6
2020-06-15,51032404,15955585136,316.0,317.5,308.5,309.5,-6.5,29255,2330,6
2020-06-16,40725216,12823172756,317.0,317.0,314.0,315.0,5.5,19377,2330,6
2020-06-17,34692968,10922017056,316.5,317.0,313.5,315.0,0.0,16218,2330,6
2020-06-18,35443474,11123108346,314.5,315.0,313.0,314.5,0.0,11897,2330,6
2020-06-19,48130280,15102300186,314.0,314.5,312.0,314.5,0.0,12915,2330,6
2020-06-22,37374616,11722688924,314.5,316.5,312.0,312.0,-2.5,18836,2330,6
2020-06-23,41300084,12981121544,316.0,316.5,312.5,315.0,3.0,15959,2330,6
2020-06-24,55464024,17641164202,319.0,320.0,316.0,317.5,2.5,27086,2330,6
2020-06-29,56672892,17695228688,314.0,315.0,310.0,312.0,-5.5,30558,2330,6
2020-06-30,49241860,15386428040,313.5,314.0,311.0,313.0,1.0,16165,2330,6
2020-07-01,29685342,9400765756,315.0,318.0,314.0,317.5,4.5,15617,2330,7
2020-07-02,37789178,12119073560,319.0,322.0,318.0,322.0,4.5,18355,2330,7
2020-07-03,55656987,18280314743,327.0,330.5,326.5,329.5,7.5,30235,2330,7
2020-07-06,57256220,19200718243,332.5,338.0,332.0,338.0,8.5,31866,2330,7
2020-07-07,59046323,20143258406,343.5,346.0,338.0,338.5,0.5,32076,2330,7
2020-07-08,33813218,11522915649,337.5,342.5,337.5,341.0,2.5,16673,2330,7
2020-07-09,37410376,12912747970,346.0,347.0,343.0,345.0,4.0,20205,2330,7
2020-07-10,60902108,21298923681,352.5,353.0,345.5,348.5,3.5,32227,2330,7
2020-07-13,49459523,17425372488,351.0,354.5,350.5,354.5,6.0,23217,2330,7
2020-07-14,63030150,22602878292,355.0,364.0,354.5,363.5,9.0,30996,2330,7
2020-07-15,73072000,26745406500,366.0,370.0,361.0,363.0,-0.5,34118,2330,7
2020-07-16,67953000,24281054500,359.0,361.0,353.5,357.5,-5.5,33080,2330,7
2020-07-17,65398000,23875124000,361.0,369.0,360.0,367.0,9.5,33813,2330,7
2020-07-20,42616000,15635706500,370.0,370.0,362.5,366.0,-1.0,21002,2330,7
2020-07-21,63844000,24263594000,372.5,387.0,371.5,383.0,17.0,36750,2330,7
2020-07-22,43498000,16667360500,381.0,386.0,379.0,384.0,1.0,22921,2330,7
2020-07-23,45052000,17170847000,382.0,383.0,379.0,381.5,-2.5,20881,2330,7
2020-07-24,86375000,33576098500,390.0,395.0,382.0,386.0,4.5,42412,2330,7
2020-07-27,98932000,41783011000,420.5,424.5,416.5,424.5,38.5,45056,2330,7
2020-07-28,165650000,74837010500,464.0,466.5,428.5,435.0,10.5,84401,2330,7
2020-07-29,85236000,36205877000,428.0,431.5,419.5,422.0,-13.0,48212,2330,7
2020-07-30,68963000,29907649500,436.5,441.0,428.5,434.0,12.0,33110,2330,7
2020-07-31,49494000,21145208000,426.0,432.0,425.5,425.5,-8.5,25122,2330,7
2020-08-03,75979000,31793110500,420.5,424.0,415.0,416.0,-9.5,38807,2330,8
2020-08-04,40874000,17251102000,421.5,425.5,418.5,425.5,9.5,20661,2330,8
2020-08-05,47005000,20160463000,430.5,433.5,426.0,429.0,3.5,22652,2330,8
2020-08-06,40803000,17730028500,437.5,438.0,431.0,435.0,6.0,20169,2330,8
2020-08-07,36385000,15685916000,433.5,434.0,428.0,433.0,-2.0,17520,2330,8
2020-08-10,36067500,15674843876,427.5,437.5,427.5,435.5,2.5,21342,2330,8
2020-08-11,34011000,14688473000,432.0,435.0,429.0,429.0,-6.5,17182,2330,8
2020-08-12,51753000,21783747500,422.0,423.5,419.0,419.0,-10.0,29308,2330,8
2020-08-13,44171000,18873289000,428.0,429.0,424.5,429.0,10.0,19175,2330,8
2020-08-14,23308000,9924278500,424.0,428.0,423.0,427.0,-2.0,11352,2330,8
